id,code_1c,article,name,brand,остаток,категория
41345,00017768,,"Номерок гардеробный 40х60мм,белый 1-300",,300.000,"Хозтовары, сад, огород"
40886,00012150,83713,Мешок полипропиленовый 55х105 см БЕЛЫЙ,,118.000,"Хозтовары, сад, огород"
40885,00002305,83711,Мешок полипропилен зеленый,,108.000,"Хозтовары, сад, огород"
31069,374673,10120,Прокладка РЕДИУС 19мм полиамид для БПО,,100.000,Сварочное оборудование
31070,374674,10121,Прокладка РЕДИУС 23мм полиамид для БКО,,100.000,Сварочное оборудование
6680,375208,105-106100М,Шланг топливный прозрачный 6мм морозостойкий,,100.000,ЭХО
6679,375209,105-104100М,Шланг топливный прозрачный 4мм морозостойкий,,70.000,ЭХО
6772,00033093,C-6002,Запускной канат 3.5 MM СHAMPION (бухта 100 м),,53.300,Запчасти к инструменту
18812,00010274,73/8/3/2,"Масло д/2-х такт. двигателей полусент. 1,0 л Huter",HUTER,30.000,Масла
18831,0110000078,OC0101,"Масло для смазки цепей 0,946л STURM G-Energy Universal",STURM,29.000,Масла
18814,00010087,73/8/1/1,"Масло д/4-х такт. двиг, 1л  10W40 полусент. Huter",HUTER,26.000,Масла
40910,00007118,РСВ-36178,Мотыга прямая большая 190пр,,20.000,"Хозтовары, сад, огород"
8943,00006801,97116,Наконечник медный E-Cu m6х25х0.8,,20.000,Запчасти Hitachi
8944,00045987,97117,"Наконечник медный E-Cu m6х25х1,0",,20.000,Запчасти Hitachi
42162,00044050,1211-25,Скотч малярный креповый 25мм х 40м STAYER,STAYER,17.000,"Хозтовары, сад, огород"
15961,00035326,,"Кольцо переходное 22,23х20 для дисков",,16.000,На модерацию
23868,00044082,WTS001,Дозатор флюса для пайки WTS,,15.000,Электрика и освещение
7213,00033456,71/2/27,Свеча зажигания 2Т L7T Huter,HUTER,12.000,Запчасти к инструменту
23767,00026547,55115-B,"Вилка электрическая СИБИН  ударопрочная, с заземле",СИБИН,11.000,Электрика и освещение
7239,00042796,71/2/39,Стартер в сборе для GGT-1000T/S-2500 T/S легкий старт,,11.000,Запчасти к инструменту
41959,00008522,38-2-132,Рукоятка для молотков деревянная 320 мм,,10.000,"Хозтовары, сад, огород"
41961,00008523,38-2-140,Рукоятка для молотков деревянная 400 мм,,10.000,"Хозтовары, сад, огород"
7214,00033457,71/2/28,Свеча зажигания 4Т F7RTC Huter,HUTER,10.000,Запчасти к инструменту
42161,00044049,1211-19,Скотч малярный креповый 19мм х 40м STAYER,STAYER,10.000,"Хозтовары, сад, огород"
30443,00045023,WD300,"Смазка универсальная WD-40, 300мл",,10.000,Прочее
42854,00029871,12371-25-040,"Фумлента ЗУБР ""ЭКСПЕРТ"", плотность 0,40 г/см3, 0,2ммх25ммх15м",ЗУБР,10.000,"Хозтовары, сад, огород"
15898,00006653,2-06411-030,Шнур  30 м для стр.работ на катушке,,10.000,"Крепёж, канат, верёвка"
15970,00017820,,Кольцо переходное 32х20 для дисков,,9.000,На модерацию
18865,0110000079,SMT-0101A,Масло трансмиссионное 1л STURM SAE 80W-85,STURM,9.000,Масла
43394,00037542,39193-40,Щетка уличная 40см GRINDA с метал держателем для черенка 25мм,GRINDA,9.000,"Хозтовары, сад, огород"
15962,00017815,,"Кольцо переходное 25,4х20 для дисков",,8.000,На модерацию
15969,00017819,,"Кольцо переходное 30х25,4 для дисков",,8.000,На модерацию
40622,00035563,12242-75-200,Лента сигнальная  75мм х 200м  черно-желтая ЗУБР Мастер,ЗУБР,8.000,"Хозтовары, сад, огород"
42282,00007949,4244-55106В,Соединитель RACO (шланг-насадка) латунный и покрыт (арт. 4244-55106В),,8.000,"Хозтовары, сад, огород"
43418,00039574,61061-110,"Щетка-сметка АВТО 810-1060мм ЗУБР телескопическая, поворотная, со скребком",ЗУБР,8.000,"Хозтовары, сад, огород"
15971,00017821,,"Кольцо переходное 32х22,2 для дисков",,7.000,На модерацию
14943,00002229,,Коуш д/стальных канатов 6х7мм,,7.000,Метизы
40620,00045581,12241-75-150,"Лента сигнальная  75мм х 150м  красно-белый,  STAYER",STAYER,7.000,"Хозтовары, сад, огород"
42855,00045393,12373-12-040,"Фумлента ЗУБР плотность 0,40 г/см3, 0,1ммх12ммх15м",ЗУБР,7.000,"Хозтовары, сад, огород"
6744,00034555,71/1/13,Головка триммерная с леской ETH-1000 для GGT.GET1000S,,6.000,Запчасти к инструменту
7238,00012080,71/2/20,Стартер в сборе для GGT-1000T/S-2500 T/S,,6.000,Запчасти к инструменту
30702,00045558,429768,Газ для зажигалок 260мл,,5.000,Сварочное оборудование
6743,00004434,71/2/25,Головка триммерная с леской EASY LOAD для GGT.GET-1200. 1500. 1700,,5.000,Запчасти к инструменту
18803,00045555,41501-1,"Масло д/2-х такт. двигателей 1,0л KRAFTOOL синтетическое",KRAFTOOL,5.000,Масла
24615,00042641,nhvi-1.5-8,"Наконечник штыревой втулочный изолированный НШвИ 1,5-8 (50шт) EKF",,5.000,Электрика и освещение
24618,00042643,nhvi-2.5-8,Наконечник штыревой втулочный изолированный НШвИ 2.5-8 (50шт) EKF,,5.000,Электрика и освещение
24669,00044084,,"Паяльная ванна ZTX-B 160Вт, 100-550гр",,5.000,Электрика и освещение
24869,00040380,SV-55325-015,"Припой ПОС-30 1мм, 15гр, трубка с флюсом СВЕТОЗАР",,5.000,Сварочное оборудование
42163,00044051,1211-30,Скотч малярный креповый 30мм х 40м STAYER,STAYER,5.000,"Хозтовары, сад, огород"
7236,00010557,71/11/3,Стартер в сборе для DY5000L-DY8000L/LX,,5.000,Запчасти к инструменту
25462,00044083,,Удалитель флюса 100мл,,5.000,Электрика и освещение
43409,00013720,01-04-01,Щетка-сметка 3-х рядная деревянная 300х22х15мм,,5.000,"Хозтовары, сад, огород"
43399,00037546,39250-600,Щетка уличная 60см GRINDA с пластик держателем для черенка 25мм,GRINDA,5.000,"Хозтовары, сад, огород"
8562,00025987,338845*,Кожух защитный для диска УШМ 125 338845,,4.000,На модерацию
15966,00017817,,Кольцо переходное 30х20 для дисков,,4.000,На модерацию
15973,00017823,,Кольцо переходное 32х30 для дисков,,4.000,На модерацию
40574,00019343,12231-25-05,Лента клеящая двухсторонняя монтажная на вспенен основе 25ммх5м STAYER,STAYER,4.000,"Хозтовары, сад, огород"
18843,00010086,73/8/2/1,Масло для смазки цепи Huter 1л минеральное 80W90,HUTER,4.000,Масла
24575,00013575,29-0101,Набор термоусадочных трубок №1 (АВТО) Rexant,REXANT,4.000,Электрика и освещение
24587,00013579,29-0106,Набор термоусадочных трубок №6 (МАКСИМУМ) Rexant,REXANT,4.000,Электрика и освещение
24617,00042642,nhvi-10.0-12,Наконечник штыревой втулочный изолированный НШвИ 10.0-12 (50шт) EKF,,4.000,Электрика и освещение
24614,00042640,nhvi-1.0-8,"Наконечник штыревой втулочный изолированный НШвИ 1,0-8 (50шт) EKF",,4.000,Электрика и освещение
24619,00042644,nhvi-4.0-12,Наконечник штыревой втулочный изолированный НШвИ 4.0-12 (50шт) EKF,,4.000,Электрика и освещение
24620,00042645,nhvi-6.0-18,Наконечник штыревой втулочный изолированный НШвИ 6.0-18 (50шт) EKF,,4.000,Электрика и освещение
11260,00003541,,Рейка для лазерных нивелиров LR-2,,4.000,Измерительный инструмент
42013,00038641,РСВ-271047,"Салфетки ""Радуга"" 100 листов, 24см х 24 см, ГОЛУБЫЕ с тиснением,100 % целлюлоза, 1 слой,",,4.000,"Хозтовары, сад, огород"
42134,00043963,,"Скамья со спинкой и вешалкой CКП-1В-1500, 1670х1500х390",,4.000,"Хозтовары, сад, огород"
7235,00010556,71/11/2,Стартер в сборе для DY2500L-DY4000L/LX,,4.000,Запчасти к инструменту
42853,00025846,12371-19-040,"Фумлента ЗУБР ""ЭКСПЕРТ"", плотность 0,40 г/см3, 0,2ммх19ммх15м",ЗУБР,4.000,"Хозтовары, сад, огород"
6683,00038929,792-131,Адаптер для подключения пылесоса резиновый 32/35/38/41мм ПУЛЬСАР,,3.000,Запчасти к инструменту
39160,00040322,06092-12,Ведро 12л. пластиковое малярное прямоугольное STAYER,STAYER,3.000,На модерацию
39907,00029497,C1204,Канистра  5л с защитой от перелива CHAMPION,CHAMPION,3.000,На модерацию
15968,00017818,,"Кольцо переходное 30х22,2 для дисков",,3.000,На модерацию
15972,00017822,,"Кольцо переходное 32х25,4 для дисков",,3.000,На модерацию
14945,00002230,,Коуш д/стальных канатов 9х10мм,,3.000,Метизы
40306,00016774,Кре679,"Крем дляя рук ""Элен"" гидрофобный от водных растворов, 100мл.",,3.000,"Хозтовары, сад, огород"
15728,00006834,47-0-030,Крестики 3.0 мм    150 шт Remocolor,REMOCOLOR,3.000,"Крепёж, канат, верёвка"
40566,00012507,12262-50-10,Лента клеящая 50мм*10м алюминиевая ЗУБР ЭКСПЕРТ,ЗУБР,3.000,"Хозтовары, сад, огород"
40568,00004696,12262-50-50,Лента клеящая 50мм*50м алюминиевая ЗУБР ЭКСПЕРТ,ЗУБР,3.000,"Хозтовары, сад, огород"
40614,00037572,РСВ-178289,Лента светоотражающая красно-белая МОМЕННТ ХЕНКЕЛЬ 45ммх5м,,3.000,"Хозтовары, сад, огород"
40621,00028640,12240-75-200,"Лента сигнальная  75мм х 200м  красно-белый,  ЗУБР Мастер",ЗУБР,3.000,"Хозтовары, сад, огород"
18845,00037005,70620-1,Масло для смазки цепи ЗУБР EXTRA 1л минеральное,ЗУБР,3.000,Масла
24582,00013577,29-0103,Набор термоусадочных трубок №3 (АССОРТИ) Rexant,REXANT,3.000,Электрика и освещение
24584,00013573,29-0104,Набор термоусадочных трубок №4 (РЫБОЛОВ) Rexant,REXANT,3.000,Электрика и освещение
24586,00013578,29-0105,Набор термоусадочных трубок №5 (СТАНДАРТ) Rexant,REXANT,3.000,Электрика и освещение
24588,00013574,29-0107,Набор термоусадочных трубок №7 (КЛЕЕВОЙ) Rexant,REXANT,3.000,Электрика и освещение
41136,00040186,РСВ-201800,Нить сантехническая льняная 110м FORA,,3.000,"Хозтовары, сад, огород"
6950,00003573,NIL-107400049,Переходник MultiFit NILFISK со стороны пылесоса на,,3.000,Запчасти к инструменту
4691,00005753,BSH-2609256949,Пилка HCS дерево 10x30 для PMF,,3.000,На модерацию
24870,00040379,SV-55323-015,"Припой ПОС-61 1мм, 15гр, трубка с флюсом СВЕТОЗАР",,3.000,Сварочное оборудование
7265,00035206,ZC-(MK24-50)10,Ствол в сборе для MAKITA 2450 аналог,,3.000,Запчасти к инструменту
7266,00035856,T1349721,Ствол перфоратора в сборе аналог MAKITA-2470,,3.000,Запчасти к инструменту
25667,00044081,09-3692-1,Флюс-гель для пайки индикаторный KELLER 20мл Rexant,REXANT,3.000,Электрика и освещение
25668,00035765,09-3692,Флюс-гель индикаторный KELLER 20мл Rexant,REXANT,3.000,Электрика и освещение
42852,00025267,12371-12-040,"Фумлента ЗУБР ""ЭКСПЕРТ"", плотность 0,40 г/см3, 0,2ммх12ммх15м",ЗУБР,3.000,"Хозтовары, сад, огород"
42857,00026299,РСВ-270617,Фумлента МОМЕНТ 19ммх20м 100мкм ХЕНКЕЛЬ,,3.000,"Хозтовары, сад, огород"
11952,00013288,,Шаблон сварщика универсальный УШС-3,,3.000,Измерительный инструмент
7398,00029200,71/5/25,"Шланг высокого давления для W165-ARV, W195-ARV 5м",,3.000,Запчасти к инструменту
39145,00042118,06092-08,Ведро  8л. пластиковое малярное прямоугольное STAYER,STAYER,2.000,На модерацию
6745,00037457,71/1/15,Головка триммерная с леской ETH-600 для GET600,,2.000,Запчасти к инструменту
14920,00001566,,"Зажим для стальных канатов,оцинкованный 16 мм  DIN",,2.000,Метизы
10689,00002200,,Индикатор радиоактивности RADEX RD1212,,2.000,Измерительный инструмент
39906,00033111,C1011,Канистра  2л для приготовления топлив смеси CHAMPION,CHAMPION,2.000,На модерацию
15963,00017816,,"Кольцо переходное 25,4х22,2 для дисков",,2.000,На модерацию
40307,00016772,,"Крем регенерирующий ""Элен"" для рук (востатавливающий) 100мл.",,2.000,"Хозтовары, сад, огород"
40419,00039693,21957,"Ледоруб СИБИН ЛС-200 1,1кг 200х1200мм",СИБИН,2.000,На модерацию
40420,00039694,21958-1,"Ледоруб СИБИН ЛТ-120 1,2кг 120х1400мм",СИБИН,2.000,На модерацию
40571,00031452,12262-75-50,Лента клеящая 70мм*50м алюминиевая ЗУБР ЭКСПЕРТ,ЗУБР,2.000,"Хозтовары, сад, огород"
18801,00045454,952830,"Масло д/2-х такт. двигателей 1,0 л полусентическое CHAMPION JASO FD",CHAMPION,2.000,Масла
7847,00010970,337458,Мешок для сухой и влажной уборки (8-15L) 337458,,2.000,Оснастка Hitachi
24580,00013576,29-0102,Набор термоусадочных трубок №2 (АВТО импорт) Rexan,,2.000,Электрика и освещение
24581,0110000473,29-0132,Набор термоусадочных трубок №2 ТУТнг 260шт черная Rexant,REXANT,2.000,Электрика и освещение
24583,0110000474,29-0133,Набор термоусадочных трубок №3 ТУТнг 288шт 4 цвета Rexant,REXANT,2.000,Электрика и освещение
11092,00036245,4325-Н13_z01,"Набор щупов автомоб. 0,05-1,00мм 13шт Зубр""МАСТЕР""",ЗУБР,2.000,Измерительный инструмент
41348,00012683,КПБ-7001,"Носилки пластиковые ударопрочные с ручками, объем",,2.000,"Хозтовары, сад, огород"
41681,00039896,12611,Пленка стрейч 300х450мм 17мкм STAYER упаковочная,STAYER,2.000,"Хозтовары, сад, огород"
11259,00034547,34730,Рейка геодезическая GR-5 KRAFTOOL,KRAFTOOL,2.000,Измерительный инструмент
42191,00040189,РСВ-161256,Смазка для монтажа пластиковых труб 250гр FORA,,2.000,"Хозтовары, сад, огород"
7233,00014566,71/4/16,"Стартер в сборе для BS-45, 52",,2.000,Запчасти к инструменту
7271,00032180,505KS-PD(MT),Тарелка опорная 125мм аналог Metabo,,2.000,Запчасти к инструменту
11576,00002740,61/10/201,Тестер 6890-63 8 in 1,,2.000,Измерительный инструмент
11638,00030951,3431-35,"Уголок столярный 350мм, гравированная шкала, нержавеющее полотно 37мм,  STAYER ""PROFI""",STAYER,2.000,Измерительный инструмент
11639,00018051,3431-40,"Уголок столярный 400мм, гравированная шкала, нержавеющее полотно 37мм,  STAYER ""PROFI""",STAYER,2.000,Измерительный инструмент
7323,00035204,ZZ-VD-GX390,Фильтр воздушный аналог HONDA GX-390 большой,,2.000,Запчасти к инструменту
7334,00038580,T543175,Фильтр топливный выход 4мм,,2.000,Запчасти к инструменту
25658,00013301,55477-020,"Флюс ЗУБР жир паяльный, нейтральный, 20гр",ЗУБР,2.000,Электрика и освещение
25661,00010860,55480-030,"Флюс ЛТИ-120, 30 мл. ЗУБР",ЗУБР,2.000,Электрика и освещение
25663,00005854,55478-030,"Флюс СКФ, 30 мл. ЗУБР",ЗУБР,2.000,Электрика и освещение
43203,00030258,09572,Шило хозяйственное 75мм ф4мм ЗУБР,ЗУБР,2.000,"Хозтовары, сад, огород"
43204,00029978,09573,"Шило хозяйственное, двухкомпонентная рукоятка, 100 мм ЗУБР ""Мастер""",ЗУБР,2.000,"Хозтовары, сад, огород"
7887,00001760,782232,Шланг для пылесоса D36 3м (OLD710091),,2.000,Оснастка Hitachi
43416,00039575,61065-055,Щетка-сметка АВТО 540мм ЗУБР со скребком,ЗУБР,2.000,"Хозтовары, сад, огород"
43395,00037544,39250-400,Щетка уличная 40см GRINDA с пластик держателем для черенка 25мм,GRINDA,2.000,"Хозтовары, сад, огород"
23732,00015212,55476-020,"Бура флюс ЗУБР, 20 гр",ЗУБР,1.000,Электрика и освещение
10562,00031785,45355,"Видеоскоп ВС-100 ЗУБР ПРОФЕССИОНАЛ 2,7"" 9мм, 0,6м",ЗУБР,1.000,Измерительный инструмент
10563,00031784,45352,"Видеоскоп ВС-300 ЗУБР ПРОФЕССИОНАЛ 3,5"" 12мм, 1м ТВ-выход",ЗУБР,1.000,Измерительный инструмент
39290,00043408,70800,"Воронка разборная с гибкой ножкой,с сеточкой",,1.000,"Хозтовары, сад, огород"
6738,00035483,T741263,Гильза для MAKITA 2450 аналог,,1.000,Запчасти к инструменту
6752,00031384,VM-1400-P143A30B,Двигатель универсальный аналог 1400В для WDE1200,,1.000,Запчасти к инструменту
39427,00031198,421838,Движок для снега СИБИН ДС-750 стальной  750 мм.,СИБИН,1.000,На модерацию
10631,00036056,34704,Держатель клипса универсальный шарнирный KRAFTOOL MM2,KRAFTOOL,1.000,Измерительный инструмент
10632,00032148,34708,Держатель многофункциональный KRAFTOOL BM1,KRAFTOOL,1.000,Измерительный инструмент
10633,00036057,34706,Держатель с микролифтом KRAFTOOL MM1,KRAFTOOL,1.000,Измерительный инструмент
10659,00037518,61/10/534,Детоектор металла ДМ-100 РЕСАНТА,РЕСАНТА,1.000,Измерительный инструмент
10658,00037519,61/10/533,Детоектор металла ДМ- 50 РЕСАНТА,РЕСАНТА,1.000,Измерительный инструмент
10661,00030441,,Дизельный адаптер TRISCO DB-001,,1.000,Измерительный инструмент
39465,00005532,,Дистиллятор Магарыч 12л,,1.000,"Хозтовары, сад, огород"
32100,00001011,70860,Захват магнитный телескопический 60см,,1.000,Слесарно-столярный инструмент
8406,00020559,615-37181-20,Защитный чехол лезвий 615-37181-20,,1.000,Запчасти Hitachi
10681,00002204,,Индикатор магнитного и электрического полей RADEX,,1.000,Измерительный инструмент
10687,00002203,,Индикатор радиоактивного газа радон SIRAD MR-106N,,1.000,Измерительный инструмент
10698,00012595,,Индикатор час.типа ИЧ 0-2 0.01мм,,1.000,Измерительный инструмент
24114,00009983,55470-100,"Канифоль для паяльных работ, 100 г. ЗУБР",ЗУБР,1.000,Электрика и освещение
24115,00005853,55470-020,"Канифоль для паяльных работ,20 г. ЗУБР",ЗУБР,1.000,Электрика и освещение
30882,00016726,ЦСТ-ОБКМ16,Клапан обратный ОБК - кислород М16,,1.000,Сварочное оборудование
10812,00038225,34756,Колесо измерительное KRAFTOOL,KRAFTOOL,1.000,Измерительный инструмент
10813,00038224,34191,Колесо измерительное STAYER ProControl,STAYER,1.000,Измерительный инструмент
40305,00027142,,"Крем для рук универсальный ""ЭЛЕН"", 100мл",,1.000,"Хозтовары, сад, огород"
40417,00039328,21959-1,"Ледоруб СИБИН 2,6кг 175х1500мм",СИБИН,1.000,На модерацию
40418,00039286,21959-2,"Ледоруб СИБИН 3,2кг 175х1500мм",СИБИН,1.000,На модерацию
10819,00043557,3415-10,Лента мерная 10м с фиберглассовым полотном STAYER,STAYER,1.000,Измерительный инструмент
10820,00043558,3415-20,Лента мерная 20м с фиберглассовым полотном STAYER,STAYER,1.000,Измерительный инструмент
10821,00043559,3415-30,Лента мерная 30м с фиберглассовым полотном STAYER,STAYER,1.000,Измерительный инструмент
10823,00038297,34185-50,"Лента мерная 50м KRAFTOOL 50 м, Геодезическая стальная",KRAFTOOL,1.000,Измерительный инструмент
10824,00034616,3415-50,Лента мерная 50м с фиберглассовым полотном STAYER,STAYER,1.000,Измерительный инструмент
40618,00035558,12240-50-200,"Лента сигнальная  50мм х 200м  красно-белый,  ЗУБР Мастер",ЗУБР,1.000,"Хозтовары, сад, огород"
40677,00034127,2182-13,Лом строительный 1300мм 25 мм СИБИН,СИБИН,1.000,"Хозтовары, сад, огород"
40678,00021908,2182-15,Лом строительный 1500мм 25 мм СИБИН,СИБИН,1.000,"Хозтовары, сад, огород"
40680,00045694,2186-1.5,Лом строительный 1500мм 30 мм ЗУБР,ЗУБР,1.000,"Хозтовары, сад, огород"
40820,00043142,20810,Мачете 450/650мм GRINDA PRO-line PM 450,GRINDA,1.000,"Хозтовары, сад, огород"
10882,374886,59847,Мегаомметр ЗУБР MM-5000 цифровой ПРОФЕССИОНАЛ,ЗУБР,1.000,Измерительный инструмент
7848,00004243,750443,Мешок нейлоновый для пыли (OLD 710015) 4 ШТ WDE120,,1.000,Оснастка Hitachi
11060,00014878,,Набор принадлежностей ПК-1,,1.000,Измерительный инструмент
24576,0110000472,29-0131,Набор термоусадочных трубок №1 ТУТнг 305шт черная Rexant,REXANT,1.000,Электрика и освещение
24585,0110000475,29-0134,Набор термоусадочных трубок №4 ТУТнг 7 цветов Rexant,REXANT,1.000,Электрика и освещение
26858,00038884,490965,"Набор шлифовальных дисков KWB 180мм, 15предметов",,1.000,На модерацию
18268,00036107,3521-H4_z03,"Набор щеток дисковых для дрели, витая стальная латунированная проволока 0,3мм, 4 шт ЗУБР ""Профессион",ЗУБР,1.000,На модерацию
18269,00042685,3521-H5_z03,"Набор щеток дисковых для дрели, витая стальная латунированная проволока 0,3мм, 5 шт ЗУБР ""Профессион",ЗУБР,1.000,На модерацию
11093,00000348,4325-Н20_z01,"Набор щупов автомоб. 0,05-1,00мм 20шт Зубр""МАСТЕР""",ЗУБР,1.000,Измерительный инструмент
36316,374841,11517,"Наколенники защитные KRAFTOOL SOLID гелевая вставка, объемная противоскол накладка",KRAFTOOL,1.000,На модерацию
36317,0110000580,11516,"Наколенники защитные KRAFTOOL STABIL для легко повреждаемых поверхностей, гелевая вставка",KRAFTOOL,1.000,На модерацию
36320,00035398,11198,Наколенники защитные с гелевым наполнителем и пластик накладкой STAYER PROFI,STAYER,1.000,На модерацию
36321,00035400,11522,Наколенники защитные с гелевым наполнителем и пластик накладкой ЗУБР ЭКСПЕРТ,ЗУБР,1.000,На модерацию
36329,374842,11513,"Наколенники строительные KRAFTOOL KRAFT BOARD на колесах, 5 колес, лоток для инструмента, до 110кг",KRAFTOOL,1.000,На модерацию
6935,00042222,,Натяжитель цепи ПА,,1.000,Запчасти к инструменту
11185,00022657,34520,"Нивелир оптический KRAFTOOL OL-32 увеличение 32Х, рабочий диапазон 122 м",KRAFTOOL,1.000,Измерительный инструмент
11198,00034326,34917,"Нивелир оптический ЗУБР НОУ-32 увеличение 32Х, раб диапазон 120м Профессионал",ЗУБР,1.000,Измерительный инструмент
11226,00030424,,Отражатель красный Condtrol 1-7-021,,1.000,Измерительный инструмент
41510,00040188,РСВ-161255,Паста для уплотнения резьбовых соединений 250гр FORA,,1.000,"Хозтовары, сад, огород"
41489,00020822,55475-020,"Паста  паяльная канифольно-вазелиновая, 20гр ЗУБР",ЗУБР,1.000,"Хозтовары, сад, огород"
41525,00036144,35938,Паста шлифовальная ЗУБР 21гр,ЗУБР,1.000,"Хозтовары, сад, огород"
24682,00043555,55340,"Паяльная станция KRAFTOOL KR-75, 2-в-1 100-480°С 750 Вт",KRAFTOOL,1.000,Электрика и освещение
24691,00042229,55370,"Паяльная станция STAYER SP-50.48Вт, 150-520гр цифровая",STAYER,1.000,Электрика и освещение
24719,00010546,55407-100,"Паяльник 100 Вт, дер.ручка",,1.000,Сварочное оборудование
24740,00013727,55405-40_z01,"Паяльник 40 Вт, дер.ручка, долговеч.жало ЗУБР МАСТ",ЗУБР,1.000,Сварочное оборудование
24747,00008345,55405-60,"Паяльник 60 Вт, дер.ручка, долговеч.жало ЗУБР МАСТЕР",ЗУБР,1.000,Сварочное оборудование
31024,00039573,55504-H3,"Паяльник газовый, набор 3-в-1 горелка, фен, 30-70 Вт, 1300°С KRAFTOOL SolderGas 70A",KRAFTOOL,1.000,Сварочное оборудование
31025,00033062,55504-H8,"Паяльник газовый, набор 8-в-1 горелка, фен, 30-70 Вт, 1300°С KRAFTOOL SolderPro 70B",KRAFTOOL,1.000,Сварочное оборудование
24866,00013302,55450-100-20,"Припой ПОС 61, проволока, 100г, 2мм ЗУБР",ЗУБР,1.000,Сварочное оборудование
24874,00005852,55450-100-08С,"Припой ПОС-61, трубка с канифолью, 100 г.,0,8мм",,1.000,Сварочное оборудование
24867,00016913,55450-100-10C,"Припой ПОС 61, трубка с канифолью, 100г, 1мм",,1.000,Сварочное оборудование
9400,00007186,322890,Пружина 322890,,1.000,Запчасти Hitachi
11268,00040076,34291,Рейсмус разметочный 150мм высокоточный KRAFTOOL,KRAFTOOL,1.000,Измерительный инструмент
42071,00043141,20815,Секач 230/500мм компактный GRINDA PRO-line BA 500,GRINDA,1.000,"Хозтовары, сад, огород"
42072,00043140,20805,Секач 255/500мм компактный KRAFTOOL Brush AXE,KRAFTOOL,1.000,"Хозтовары, сад, огород"
42094,375326,12502-10-22,Сетка противомоскитная STAYER,STAYER,1.000,"Хозтовары, сад, огород"
34564,00036053,3151,Скобоудалитель KRAFTOOL универсальный стальной,KRAFTOOL,1.000,Слесарно-столярный инструмент
42156,00001863,,Скотч двусторонний 38мм ткань (5м),,1.000,"Хозтовары, сад, огород"
42157,00014049,49-4-510,Скотч двусторонний 50мм полипропилен (10м),,1.000,"Хозтовары, сад, огород"
42196,00028662,806040,Смеситель в ванну L2126 LEDEME,,1.000,"Хозтовары, сад, огород"
9692,00007702,277-50301-20,Стартер RS 277-50301-10/-20/-30 (2626) 269-50201-3,,1.000,Запчасти Hitachi
7232,00025096,71/4/17,Стартер в сборе для BS-40,,1.000,Запчасти к инструменту
11491,00030440,,Стробоскоп цифровой метал TRISCO DA-5100,,1.000,Измерительный инструмент
7269,00030232,505KS-PD(BS),Тарелка опорная 125мм аналог BOSCH,,1.000,Запчасти к инструменту
7272,00038117,T589376,Тарелка опорная 125мм для ЭШМ 125 КИТАЙ,,1.000,Запчасти к инструменту
7273,00038116,505KS-PD(SH),"Тарелка опорная 125мм для ЭШМ 125 шпиндель 5/16""",,1.000,Запчасти к инструменту
11507,00001117,Testo 410-1,"Термоанемометр цифровой Testo 410-1  (0,4...+20м/с",,1.000,Измерительный инструмент
11575,00002739,61/10/200,Тестер 6890-62 3 in 1,,1.000,Измерительный инструмент
25372,00037816,59260,"Тестер ЗУБР уровня заряда батарей для ААА, АА, С,D, LR44. 6LR61",ЗУБР,1.000,Электрика и освещение
42549,00038183,47511,Точилка для ножей керамическая компактная STAYER,STAYER,1.000,"Хозтовары, сад, огород"
11642,00042088,3431-50,"Уголок столярный 500мм, гравированная шкала, нержавеющее полотно 37мм,  STAYER ""PROFI""",STAYER,1.000,Измерительный инструмент
42785,374524,40950-12-50,"Уплотнитель самоклеящийся Зубр Dпрофиль 12 х 10 мм, черный 50м",ЗУБР,1.000,"Хозтовары, сад, огород"
42786,0110000748,40950-14-40,"Уплотнитель самоклеящийся Зубр Dпрофиль 14 х 12 мм, черный 40м",ЗУБР,1.000,"Хозтовары, сад, огород"
25656,00035587,55493-030,"Флюс ЗУБР для AL, ф61мм ФТКА, 30мл",ЗУБР,1.000,Электрика и освещение
25664,00035586,55479-030,"Флюс ТАГС, 30 мл. ЗУБР",ЗУБР,1.000,Электрика и освещение
11947,00010338,28041,"Шаблон STAYER ""PROFI"" для определения шага метрич резьбы,0,5-1,75мм и трубной резьбы с шагом 0,907 и",STAYER,1.000,Измерительный инструмент
7393,00038645,70411-375-10,Шланг высокого давления 10 м 250 Атм для пистолета 375 ЗУБР,ЗУБР,1.000,Запчасти к инструменту
15901,00006655,2-06411-100,Шнур 100 м для стр.работ на катушке,,1.000,"Крепёж, канат, верёвка"
15899,00006654,2-06411-050,Шнур  50 м для стр.работ на катушке,,1.000,"Крепёж, канат, верёвка"
25954,00016907,55462,"Шприц для удаления припоя ЗУБР ""МАСТЕР""",ЗУБР,1.000,Электрика и освещение
11955,00029382,34823,Штанга наборная распорная TP36 KRAFTOOL,KRAFTOOL,1.000,Измерительный инструмент
12103,00034548,34732,Штатив геодезический GST 165 KRAFTOOL,KRAFTOOL,1.000,Измерительный инструмент
12108,00027357,ШТ15,"Штатив для лазерного нивелира 1,5м MD-STARS",MD-STARS,1.000,Измерительный инструмент
12109,00027358,УШТ15,"Штатив для лазерного нивелира усиленный 1,5м MD-STARS",MD-STARS,1.000,Измерительный инструмент
12125,00036059,34723,Штатив-штанга  элевационная распорная наборная с треногой SP 36 KRAFTOOL,KRAFTOOL,1.000,Измерительный инструмент
12119,00032149,34712,Штатив элевационный  KRAFTOOL ST 120,KRAFTOOL,1.000,Измерительный инструмент
12122,00036058,34714,Штатив элевационный ST 160 KRAFTOOL,KRAFTOOL,1.000,Измерительный инструмент
6616,00039992,N000-039-589,Штифты срезные для снегоуборщика (набор 4шт) ЗУБР 6х41,ЗУБР,1.000,На модерацию
43419,00014098,61060-150,"Щетка-сметка АВТО 990-1460мм ЗУБР телескопическая, поворотная, со скребком и водосгоном",ЗУБР,1.000,"Хозтовары, сад, огород"
43391,00038475,39256,"Щетка уличная 240мм GRINDA удлиненная щетина, платик колодка",GRINDA,1.000,"Хозтовары, сад, огород"
43396,00037543,39193-50,Щетка уличная 50см GRINDA с метал держателем для черенка 25мм,GRINDA,1.000,"Хозтовары, сад, огород"
43397,00037545,39250-500,Щетка уличная 50см GRINDA с пластик держателем для черенка 25мм,GRINDA,1.000,"Хозтовары, сад, огород"
